,Adjadv,Noun,Pronoun,Verb,Other,Nums
1,0.151850695362,0.257523878176,0.0,0.200881300442,0.389325793889,2.025
2,0.127853881279,0.241228070175,0.0,0.202860858257,0.423529411765,2.85714285714
3,0.129213483146,0.24,0.0,0.201219512195,0.419540229885,0.555555555556
4,0.116022099,0.236514523,0.0,0.197368421,0.447513812,0.268156424581
5,0.120394609269,0.258380149813,0.0,0.174358974359,0.440771721533,0.719387755102
6,0.143426294821,0.268041237113,0.0,0.176470588235,0.405063291139,1.36882129278
7,0.140134286333,0.235828458433,0.0,0.233417935702,0.380141067036,1.73127035831
8,0.144642857143,0.211240310078,0.0,0.22,0.416020671835,4.62862669246
